season_end_year,team_abbreviation,player_name,number
2021,ATL,Bogdan Bogdanović,13
2021,ATL,Clint Capela,15
2021,ATL,John Collins,20
2021,ATL,Kris Dunn,32
2021,ATL,Bruno Fernando,24
2021,ATL,Danilo Gallinari,8
2021,ATL,Brandon Goodwin,0
2021,ATL,Solomon Hill,18
2021,ATL,Kevin Huerter,3
2021,ATL,De'Andre Hunter,12
2021,ATL,Nathan Knight,1
2021,ATL,Skylar Mays,4
2021,ATL,Onyeka Okongwu,17
2021,ATL,Cam Reddish,22
2021,ATL,Rajon Rondo,7
2021,ATL,Tony Snell,19
2021,ATL,Lou Williams,6
2021,ATL,Trae Young,11
2021,BOS,Jaylen Brown,7
2021,BOS,Carsen Edwards,4
2021,BOS,Tacko Fall,99
2021,BOS,Evan Fournier,94
2021,BOS,Javonte Green,43
2021,BOS,Luke Kornet,40
2021,BOS,Romeo Langford,45
2021,BOS,Aaron Nesmith,26
2021,BOS,Semi Ojeleye,37
2021,BOS,Jabari Parker,20
2021,BOS,Payton Pritchard,11
2021,BOS,Marcus Smart,36
2021,BOS,Jayson Tatum,0
2021,BOS,Jeff Teague,55
2021,BOS,Daniel Theis,27
2021,BOS,Tristan Thompson,13
2021,BOS,Moritz Wagner,20
2021,BOS,Kemba Walker,8
2021,BOS,Tremont Waters,51
2021,BOS,Grant Williams,12
2021,BOS,Robert Williams,44
2021,BRK,LaMarcus Aldridge,21
2021,BRK,Jarrett Allen,31
2021,BRK,Bruce Brown,1
2021,BRK,Chris Chiozza,4
2021,BRK,Nic Claxton,33
2021,BRK,Tyler Cook,2
2021,BRK,Spencer Dinwiddie,26
2021,BRK,Kevin Durant,7
2021,BRK,Jeff Green,8
2021,BRK,Blake Griffin,2
2021,BRK,James Harden,13
2021,BRK,Joe Harris,12
2021,BRK,Kyrie Irving,11
2021,BRK,Mike James,55
2021,BRK,Alize Johnson,24
2021,BRK,Tyler Johnson,10
2021,BRK,DeAndre Jordan,6
2021,BRK,Rodions Kurucs,00
2021,BRK,Caris LeVert,22
2021,BRK,Timothé Luwawu-Cabarrot,9
2021,BRK,Norvel Pelle,14
2021,BRK,Reggie Perry,"0, 14"
2021,BRK,Taurean Prince,2
2021,BRK,Andre Roberson,22
2021,BRK,Landry Shamet,"13, 20"
2021,BRK,Iman Shumpert,21
2021,BRK,Noah Vonleh,24
2021,CHI,Al-Farouq Aminu,5
2021,CHI,Ryan Arcidiacono,51
2021,CHI,Troy Brown Jr.,7
2021,CHI,Wendell Carter Jr.,34
2021,CHI,Devon Dotson,3
2021,CHI,Cristiano Felício,6
2021,CHI,Daniel Gafford,12
2021,CHI,Javonte Green,11
2021,CHI,Chandler Hutchison,15
2021,CHI,Luke Kornet,2
2021,CHI,Zach LaVine,8
2021,CHI,Lauri Markkanen,24
2021,CHI,Adam Mokoka,20
2021,CHI,Otto Porter Jr.,22
2021,CHI,Tomáš Satoranský,31
2021,CHI,Garrett Temple,17
2021,CHI,Daniel Theis,27
2021,CHI,Denzel Valentine,45
2021,CHI,Nikola Vučević,9
2021,CHI,Coby White,0
2021,CHI,Patrick Williams,"9, 44"
2021,CHI,Thaddeus Young,21
2021,CLE,Jarrett Allen,31
2021,CLE,Marques Bolden,24
2021,CLE,Quinn Cook,4
2021,CLE,Matthew Dellavedova,18
2021,CLE,Damyean Dotson,21
2021,CLE,Andre Drummond,3
2021,CLE,Danté Exum,1
2021,CLE,Yogi Ferrell,5
2021,CLE,Darius Garland,10
2021,CLE,Isaiah Hartenstein,55
2021,CLE,Mfiondu Kabengele,27
2021,CLE,Kevin Love,0
2021,CLE,Thon Maker,14
2021,CLE,Jeremiah Martin,3
2021,CLE,JaVale McGee,6
2021,CLE,Larry Nance Jr.,22
2021,CLE,Isaac Okoro,35
2021,CLE,Cedi Osman,16
2021,CLE,Taurean Prince,12
2021,CLE,Collin Sexton,2
2021,CLE,Lamar Stevens,8
2021,CLE,Brodric Thomas,33
2021,CLE,Anderson Varejão,17
2021,CLE,Dean Wade,32
2021,CLE,Dylan Windler,9
2021,DAL,Tyler Bey,2
2021,DAL,Jalen Brunson,13
2021,DAL,Trey Burke,3
2021,DAL,Willie Cauley-Stein,33
2021,DAL,Luka Dončić,77
2021,DAL,Dorian Finney-Smith,10
2021,DAL,Josh Green,8
2021,DAL,Tim Hardaway Jr.,11
2021,DAL,Nate Hinton,14
2021,DAL,Wes Iwundu,25
2021,DAL,James Johnson,16
2021,DAL,Maxi Kleber,42
2021,DAL,Boban Marjanović,51
2021,DAL,Nicolò Melli,44
2021,DAL,Kristaps Porziņģis,6
2021,DAL,Dwight Powell,7
2021,DAL,JJ Redick,17
2021,DAL,Josh Richardson,0
2021,DAL,Tyrell Terry,1
2021,DEN,Will Barton,5
2021,DEN,Bol Bol,10
2021,DEN,Facundo Campazzo,7
2021,DEN,Vlatko Čančar,31
2021,DEN,Gary Clark,6
2021,DEN,PJ Dozier,35
2021,DEN,Aaron Gordon,50
2021,DEN,JaMychal Green,0
2021,DEN,R.J. Hampton,13
2021,DEN,Gary Harris,14
2021,DEN,Shaquille Harrison,3
2021,DEN,Isaiah Hartenstein,25
2021,DEN,Markus Howard,0
2021,DEN,Nikola Jokić,15
2021,DEN,JaVale McGee,34
2021,DEN,Paul Millsap,4
2021,DEN,Monte Morris,11
2021,DEN,Jamal Murray,27
2021,DEN,Zeke Nnaji,22
2021,DEN,Michael Porter Jr.,1
2021,DEN,Austin Rivers,25
2021,DEN,Greg Whittington,3
2021,DET,Saddiq Bey,41
2021,DET,Tyler Cook,25
2021,DET,Hamidou Diallo,6
2021,DET,Sekou Doumbouya,45
2021,DET,Wayne Ellington,8
2021,DET,Jerami Grant,9
2021,DET,Blake Griffin,23
2021,DET,Killian Hayes,7
2021,DET,Frank Jackson,5
2021,DET,Josh Jackson,20
2021,DET,Cory Joseph,18
2021,DET,Saben Lee,38
2021,DET,Rodney McGruder,17
2021,DET,Svi Mykhailiuk,19
2021,DET,Jahlil Okafor,13
2021,DET,Mason Plumlee,24
2021,DET,Derrick Rose,25
2021,DET,Deividas Sirvydis,91
2021,DET,Dennis Smith Jr.,0
2021,DET,Isaiah Stewart,28
2021,DET,Delon Wright,55
2021,GSW,Kent Bazemore,26
2021,GSW,Jordan Bell,20
2021,GSW,Marquese Chriss,32
2021,GSW,Stephen Curry,30
2021,GSW,Draymond Green,23
2021,GSW,Damion Lee,1
2021,GSW,Kevon Looney,5
2021,GSW,Nico Mannion,2
2021,GSW,Mychal Mulder,15
2021,GSW,Kelly Oubre Jr.,12
2021,GSW,Eric Paschall,7
2021,GSW,Gary Payton II,0
2021,GSW,Jordan Poole,3
2021,GSW,Alen Smailagić,6
2021,GSW,Juan Toscano-Anderson,95
2021,GSW,Brad Wanamaker,10
2021,GSW,Andrew Wiggins,22
2021,GSW,James Wiseman,33
2021,HOU,D.J. Augustin,14
2021,HOU,Avery Bradley,9
2021,HOU,Armoni Brooks,7
2021,HOU,Sterling Brown,0
2021,HOU,Bruno Caboclo,5
2021,HOU,DeMarcus Cousins,15
2021,HOU,Eric Gordon,10
2021,HOU,James Harden,13
2021,HOU,Danuel House Jr.,4
2021,HOU,DaQuan Jeffries,55
2021,HOU,Mason Jones,9
2021,HOU,Rodions Kurucs,0
2021,HOU,Anthony Lamb,33
2021,HOU,KJ Martin,6
2021,HOU,Ben McLemore,16
2021,HOU,David Nwaba,2
2021,HOU,Victor Oladipo,7
2021,HOU,Cameron Oliver,25
2021,HOU,Kelly Olynyk,41
2021,HOU,Justin Patton,26
2021,HOU,Kevin Porter Jr.,3
2021,HOU,Cameron Reynolds,42
2021,HOU,Ray Spalding,5
2021,HOU,Jae'Sean Tate,8
2021,HOU,Brodric Thomas,33
2021,HOU,Khyri Thomas,20
2021,HOU,P.J. Tucker,17
2021,HOU,John Wall,1
2021,HOU,D.J. Wilson,0
2021,HOU,Christian Wood,35
2021,IND,Goga Bitadze,88
2021,IND,Brian Bowen,10
2021,IND,Amida Brimah,37
2021,IND,Oshae Brissett,12
2021,IND,Malcolm Brogdon,7
2021,IND,Aaron Holiday,3
2021,IND,Justin Holiday,8
2021,IND,Jeremy Lamb,26
2021,IND,Jalen Lecque,0
2021,IND,Caris LeVert,22
2021,IND,Kelan Martin,21
2021,IND,T.J. McConnell,9
2021,IND,Doug McDermott,20
2021,IND,Victor Oladipo,4
2021,IND,Domantas Sabonis,11
2021,IND,JaKarr Sampson,14
2021,IND,Cassius Stanley,2
2021,IND,Edmond Sumner,5
2021,IND,Myles Turner,33
2021,IND,T.J. Warren,1
2021,LAC,Nicolas Batum,33
2021,LAC,Patrick Beverley,21
2021,LAC,Amir Coffey,7
2021,LAC,DeMarcus Cousins,15
2021,LAC,Yogi Ferrell,11
2021,LAC,Malik Fitts,24
2021,LAC,Paul George,13
2021,LAC,Serge Ibaka,9
2021,LAC,Reggie Jackson,1
2021,LAC,Mfiondu Kabengele,25
2021,LAC,Luke Kennard,5
2021,LAC,Kawhi Leonard,2
2021,LAC,Terance Mann,14
2021,LAC,Marcus Morris,8
2021,LAC,Daniel Oturu,10
2021,LAC,Patrick Patterson,54
2021,LAC,Rajon Rondo,4
2021,LAC,Jay Scrubb,0
2021,LAC,Lou Williams,23
2021,LAC,Ivica Zubac,40
2021,LAL,Kostas Antetokounmpo,37
2021,LAL,Devontae Cacok,12
2021,LAL,Kentavious Caldwell-Pope,1
2021,LAL,Alex Caruso,4
2021,LAL,Quinn Cook,2
2021,LAL,Anthony Davis,3
2021,LAL,Andre Drummond,2
2021,LAL,Jared Dudley,10
2021,LAL,Marc Gasol,14
2021,LAL,Montrezl Harrell,15
2021,LAL,Talen Horton-Tucker,5
2021,LAL,LeBron James,23
2021,LAL,Damian Jones,30
2021,LAL,Kyle Kuzma,0
2021,LAL,Wesley Matthews,9
2021,LAL,Alfonzo McKinnie,28
2021,LAL,Ben McLemore,7
2021,LAL,Markieff Morris,88
2021,LAL,Dennis Schröder,17
2021,MEM,Grayson Allen,3
2021,MEM,Kyle Anderson,1
2021,MEM,Desmond Bane,22
2021,MEM,Dillon Brooks,24
2021,MEM,Brandon Clarke,15
2021,MEM,Gorgui Dieng,14
2021,MEM,Tim Frazier,10
2021,MEM,Jaren Jackson Jr.,13
2021,MEM,Tyus Jones,21
2021,MEM,John Konchar,46
2021,MEM,Sean McDermott,30
2021,MEM,De'Anthony Melton,0
2021,MEM,Ja Morant,12
2021,MEM,Jontay Porter,4
2021,MEM,Killian Tillie,35
2021,MEM,Xavier Tillman Sr.,2
2021,MEM,Jonas Valančiūnas,17
2021,MEM,Justise Winslow,7
2021,MIA,Precious Achiuwa,5
2021,MIA,Bam Adebayo,13
2021,MIA,Trevor Ariza,"0, 8"
2021,MIA,Nemanja Bjelica,70
2021,MIA,Avery Bradley,11
2021,MIA,Jimmy Butler,22
2021,MIA,Dewayne Dedmon,21
2021,MIA,Goran Dragić,7
2021,MIA,Maurice Harkless,8
2021,MIA,Udonis Haslem,40
2021,MIA,Tyler Herro,14
2021,MIA,Andre Iguodala,28
2021,MIA,Meyers Leonard,0
2021,MIA,Kendrick Nunn,25
2021,MIA,KZ Okpala,"4, 11"
2021,MIA,Victor Oladipo,4
2021,MIA,Kelly Olynyk,9
2021,MIA,Duncan Robinson,55
2021,MIA,Chris Silva,30
2021,MIA,Max Strus,31
2021,MIA,Gabe Vincent,2
2021,MIL,Jaylen Adams,6
2021,MIL,Giannis Antetokounmpo,34
2021,MIL,Thanasis Antetokounmpo,43
2021,MIL,D.J. Augustin,12
2021,MIL,Elijah Bryant,3
2021,MIL,Pat Connaughton,24
2021,MIL,Torrey Craig,3
2021,MIL,Mamadi Diakite,25
2021,MIL,Donte DiVincenzo,0
2021,MIL,Bryn Forbes,7
2021,MIL,Jrue Holiday,21
2021,MIL,Justin Jackson,44
2021,MIL,Rodions Kurucs,0
2021,MIL,Brook Lopez,11
2021,MIL,Sam Merrill,15
2021,MIL,Khris Middleton,22
2021,MIL,Jordan Nwora,13
2021,MIL,Bobby Portis,9
2021,MIL,Jeff Teague,5
2021,MIL,Axel Toupane,66
2021,MIL,P.J. Tucker,17
2021,MIL,D.J. Wilson,5
2021,MIN,Malik Beasley,5
2021,MIN,Jarrett Culver,23
2021,MIN,Ed Davis,17
2021,MIN,Anthony Edwards,1
2021,MIN,Ashton Hagans,22
2021,MIN,Juancho Hernangómez,41
2021,MIN,Jake Layman,10
2021,MIN,Jaden McDaniels,3
2021,MIN,Jordan McLaughlin,6
2021,MIN,Jaylen Nowell,4
2021,MIN,Josh Okogie,20
2021,MIN,Naz Reid,11
2021,MIN,Ricky Rubio,9
2021,MIN,D'Angelo Russell,0
2021,MIN,Karl-Anthony Towns,32
2021,MIN,Jarred Vanderbilt,8
2021,NOP,Steven Adams,12
2021,NOP,Nickeil Alexander-Walker,6
2021,NOP,Lonzo Ball,2
2021,NOP,Eric Bledsoe,5
2021,NOP,Wenyen Gabriel,32
2021,NOP,Josh Hart,3
2021,NOP,Jaxson Hayes,10
2021,NOP,Willy Hernangómez,9
2021,NOP,Brandon Ingram,14
2021,NOP,Wes Iwundu,4
2021,NOP,James Johnson,16
2021,NOP,Kira Lewis Jr.,13
2021,NOP,Didi Louzada,0
2021,NOP,Will Magnay,25
2021,NOP,Naji Marshall,8
2021,NOP,Nicolò Melli,20
2021,NOP,James Nunnally,21
2021,NOP,JJ Redick,4
2021,NOP,Isaiah Thomas,24
2021,NOP,Sindarius Thornwell,15
2021,NOP,Zion Williamson,1
2021,NYK,RJ Barrett,9
2021,NYK,Ignas Brazdeikis,17
2021,NYK,Reggie Bullock,25
2021,NYK,Alec Burks,18
2021,NYK,Taj Gibson,67
2021,NYK,Jared Harper,0
2021,NYK,Kevin Knox,20
2021,NYK,Nerlens Noel,3
2021,NYK,Frank Ntilikina,11
2021,NYK,Elfrid Payton,6
2021,NYK,Norvel Pelle,14
2021,NYK,Theo Pinson,21
2021,NYK,Immanuel Quickley,5
2021,NYK,Julius Randle,30
2021,NYK,Austin Rivers,8
2021,NYK,Mitchell Robinson,23
2021,NYK,Derrick Rose,4
2021,NYK,Dennis Smith Jr.,4
2021,NYK,Obi Toppin,1
2021,OKC,Darius Bazley,7
2021,OKC,Tony Bradley,13
2021,OKC,Charlie Brown Jr.,44
2021,OKC,Moses Brown,9
2021,OKC,Gabriel Deck,6
2021,OKC,Hamidou Diallo,6
2021,OKC,Luguentz Dort,5
2021,OKC,Shai Gilgeous-Alexander,2
2021,OKC,Josh Hall,15
2021,OKC,George Hill,3
2021,OKC,Jaylen Hoard,8
2021,OKC,Al Horford,42
2021,OKC,Justin Jackson,44
2021,OKC,Ty Jerome,16
2021,OKC,Théo Maledon,11
2021,OKC,Darius Miller,12
2021,OKC,Mike Muscala,33
2021,OKC,Svi Mykhailiuk,14
2021,OKC,Aleksej Pokusevski,17
2021,OKC,Justin Robinson,3
2021,OKC,Isaiah Roby,22
2021,OKC,Kenrich Williams,34
2021,ORL,Al-Farouq Aminu,2
2021,ORL,Cole Anthony,50
2021,ORL,Dwayne Bacon,8
2021,ORL,Mo Bamba,5
2021,ORL,Khem Birch,24
2021,ORL,Jordan Bone,23
2021,ORL,Ignas Brazdeikis,17
2021,ORL,Devin Cannady,30
2021,ORL,Wendell Carter Jr.,34
2021,ORL,Michael Carter-Williams,7
2021,ORL,Gary Clark,12
2021,ORL,James Ennis III,11
2021,ORL,Evan Fournier,10
2021,ORL,Robert Franks,0
2021,ORL,Markelle Fultz,20
2021,ORL,Aaron Gordon,0
2021,ORL,Donta Hall,45
2021,ORL,R.J. Hampton,13
2021,ORL,Gary Harris,14
2021,ORL,Karim Mané,4
2021,ORL,Frank Mason III,15
2021,ORL,Chuma Okeke,3
2021,ORL,Otto Porter Jr.,22
2021,ORL,Chasson Randle,25
2021,ORL,Terrence Ross,31
2021,ORL,Sindarius Thornwell,12
2021,ORL,Nikola Vučević,9
2021,ORL,Moritz Wagner,21
2021,PHI,Tony Bradley,11
2021,PHI,Ignas Brazdeikis,17
2021,PHI,Gary Clark,11
2021,PHI,Seth Curry,31
2021,PHI,Joel Embiid,21
2021,PHI,Terrance Ferguson,23
2021,PHI,Danny Green,14
2021,PHI,Tobias Harris,12
2021,PHI,George Hill,33
2021,PHI,Dwight Howard,39
2021,PHI,Isaiah Joe,7
2021,PHI,Mason Jones,5
2021,PHI,Furkan Korkmaz,30
2021,PHI,Dakota Mathias,33
2021,PHI,Tyrese Maxey,0
2021,PHI,Shake Milton,18
2021,PHI,Vincent Poirier,17
2021,PHI,Paul Reed,44
2021,PHI,Mike Scott,1
2021,PHI,Ben Simmons,25
2021,PHI,Matisse Thybulle,22
2021,PHI,Anthony Tolliver,43
2021,PHI,Rayjon Tucker,9
2021,PHO,Ty-Shon Alexander,0
2021,PHO,Deandre Ayton,22
2021,PHO,Devin Booker,1
2021,PHO,Mikal Bridges,25
2021,PHO,Jevon Carter,4
2021,PHO,Torrey Craig,12
2021,PHO,Jae Crowder,99
2021,PHO,Langston Galloway,2
2021,PHO,Cameron Johnson,23
2021,PHO,Damian Jones,30
2021,PHO,Frank Kaminsky,8
2021,PHO,E'Twaun Moore,55
2021,PHO,Abdel Nader,11
2021,PHO,Chris Paul,3
2021,PHO,Cameron Payne,15
2021,PHO,Dario Šarić,20
2021,PHO,Jalen Smith,10
2021,POR,Carmelo Anthony,00
2021,POR,Keljin Blevins,21
2021,POR,Robert Covington,23
2021,POR,CJ Elleby,16
2021,POR,Enes Freedom,11
2021,POR,Harry Giles,4
2021,POR,Rondae Hollis-Jefferson,2
2021,POR,Rodney Hood,5
2021,POR,Derrick Jones Jr.,"5, 55"
2021,POR,T.J. Leaf,18
2021,POR,Damian Lillard,0
2021,POR,Nassir Little,9
2021,POR,CJ McCollum,3
2021,POR,Jusuf Nurkić,27
2021,POR,Norman Powell,24
2021,POR,Anfernee Simons,1
2021,POR,Gary Trent Jr.,2
2021,SAC,Marvin Bagley III,35
2021,SAC,Harrison Barnes,40
2021,SAC,Nemanja Bjelica,8
2021,SAC,Terence Davis,9
2021,SAC,De'Aaron Fox,5
2021,SAC,Kyle Guy,7
2021,SAC,Tyrese Haliburton,0
2021,SAC,Maurice Harkless,8
2021,SAC,Buddy Hield,24
2021,SAC,Richaun Holmes,22
2021,SAC,Justin James,10
2021,SAC,DaQuan Jeffries,19
2021,SAC,Damian Jones,15
2021,SAC,Cory Joseph,9
2021,SAC,Louis King,23
2021,SAC,Chimezie Metu,25
2021,SAC,Jabari Parker,33
2021,SAC,Norvel Pelle,31
2021,SAC,Jahmi'us Ramsey,3
2021,SAC,Glenn Robinson III,30
2021,SAC,Chris Silva,30
2021,SAC,Hassan Whiteside,20
2021,SAC,Robert Woodard II,13
2021,SAC,Delon Wright,55
2021,SAS,LaMarcus Aldridge,12
2021,SAS,Keita Bates-Diop,31
2021,SAS,DeMar DeRozan,10
2021,SAS,Gorgui Dieng,7
2021,SAS,Drew Eubanks,14
2021,SAS,Rudy Gay,22
2021,SAS,Keldon Johnson,3
2021,SAS,Tre Jones,33
2021,SAS,Trey Lyles,41
2021,SAS,Patty Mills,8
2021,SAS,Dejounte Murray,5
2021,SAS,Jakob Poeltl,25
2021,SAS,Cameron Reynolds,23
2021,SAS,Luka Šamanić,19
2021,SAS,Devin Vassell,24
2021,SAS,Lonnie Walker IV,1
2021,SAS,Quinndary Weatherspoon,15
2021,SAS,Derrick White,4
2021,TOR,OG Anunoby,3
2021,TOR,Aron Baynes,46
2021,TOR,DeAndre' Bembry,95
2021,TOR,Khem Birch,24
2021,TOR,Chris Boucher,25
2021,TOR,Terence Davis,0
2021,TOR,Henry Ellenson,44
2021,TOR,Malachi Flynn,8
2021,TOR,Freddie Gillespie,55
2021,TOR,Jalen Harris,2
2021,TOR,Rodney Hood,32
2021,TOR,Stanley Johnson,5
2021,TOR,Alex Len,27
2021,TOR,Kyle Lowry,7
2021,TOR,Patrick McCaw,22
2021,TOR,Norman Powell,24
2021,TOR,Pascal Siakam,43
2021,TOR,Matt Thomas,21
2021,TOR,Gary Trent Jr.,33
2021,TOR,Fred VanVleet,23
2021,TOR,Yuta Watanabe,18
2021,TOR,Paul Watson,1
2021,UTA,Udoka Azubuike,20
2021,UTA,Bojan Bogdanović,44
2021,UTA,Jarrell Brantley,5
2021,UTA,Jordan Clarkson,0
2021,UTA,Mike Conley,10
2021,UTA,Derrick Favors,15
2021,UTA,Trent Forrest,3
2021,UTA,Rudy Gobert,27
2021,UTA,Shaquille Harrison,8
2021,UTA,Elijah Hughes,33
2021,UTA,Ersan İlyasova,77
2021,UTA,Joe Ingles,2
2021,UTA,Donovan Mitchell,45
2021,UTA,Juwan Morgan,16
2021,UTA,Georges Niang,31
2021,UTA,Royce O'Neale,23
2021,UTA,Miye Oni,81
2021,UTA,Matt Thomas,21
2021,WAS,Deni Avdija,9
2021,WAS,Bradley Beal,3
2021,WAS,Jordan Bell,7
2021,WAS,Dāvis Bertāns,42
2021,WAS,Isaac Bonga,17
2021,WAS,Troy Brown Jr.,6
2021,WAS,Thomas Bryant,13
2021,WAS,Daniel Gafford,21
2021,WAS,Anthony Gill,16
2021,WAS,Rui Hachimura,8
2021,WAS,Chandler Hutchison,1
2021,WAS,Alex Len,27
2021,WAS,Robin Lopez,15
2021,WAS,Garrison Mathews,24
2021,WAS,Raul Neto,19
2021,WAS,Anžejs Pasečņiks,18
2021,WAS,Jerome Robinson,12
2021,WAS,Ish Smith,14
2021,WAS,Moritz Wagner,21
2021,WAS,Russell Westbrook,4
2021,WAS,Cassius Winston,5
2022,ATL,Cat Barber,5
2022,ATL,Bogdan Bogdanović,13
2022,ATL,Chaundee Brown Jr.,45
2022,ATL,Clint Capela,15
2022,ATL,John Collins,20
2022,ATL,Sharife Cooper,2
2022,ATL,Gorgui Dieng,10
2022,ATL,Danilo Gallinari,8
2022,ATL,Malcolm Hill,14
2022,ATL,Solomon Hill,18
2022,ATL,Kevin Huerter,3
2022,ATL,De'Andre Hunter,12
2022,ATL,Wes Iwundu,24
2022,ATL,Jalen Johnson,1
2022,ATL,Kevin Knox,5
2022,ATL,Timothé Luwawu-Cabarrot,7
2022,ATL,Skylar Mays,4
2022,ATL,Onyeka Okongwu,17
2022,ATL,Cameron Oliver,49
2022,ATL,Cam Reddish,22
2022,ATL,Lance Stephenson,33
2022,ATL,Lou Williams,6
2022,ATL,Delon Wright,0
2022,ATL,Trae Young,11
2022,BOS,Jaylen Brown,7
2022,BOS,Bruno Fernando,28
2022,BOS,Malik Fitts,8
2022,BOS,Enes Freedom,13
2022,BOS,Sam Hauser,30
2022,BOS,Juancho Hernangómez,41
2022,BOS,Al Horford,42
2022,BOS,Justin Jackson,43
2022,BOS,Joe Johnson,55
2022,BOS,Luke Kornet,40
2022,BOS,Romeo Langford,9
2022,BOS,Kelan Martin,4
2022,BOS,C.J. Miles,50
2022,BOS,Juwan Morgan,4
2022,BOS,Aaron Nesmith,26
2022,BOS,Jabari Parker,20
2022,BOS,Payton Pritchard,11
2022,BOS,Josh Richardson,8
2022,BOS,Matt Ryan,37
2022,BOS,Dennis Schröder,71
2022,BOS,Marcus Smart,36
2022,BOS,Nik Stauskas,13
2022,BOS,Jayson Tatum,0
2022,BOS,Daniel Theis,27
2022,BOS,Brodric Thomas,97
2022,BOS,Derrick White,9
2022,BOS,Grant Williams,12
2022,BOS,Robert Williams,44
2022,BRK,LaMarcus Aldridge,21
2022,BRK,DeAndre' Bembry,95
2022,BRK,Bruce Brown,1
2022,BRK,Jevon Carter,0
2022,BRK,Nic Claxton,33
2022,BRK,Seth Curry,30
2022,BRK,Goran Dragić,9
2022,BRK,Andre Drummond,"0, 4"
2022,BRK,David Duke Jr.,6
2022,BRK,Kevin Durant,7
2022,BRK,Kessler Edwards,14
2022,BRK,James Ennis III,10
2022,BRK,Wenyen Gabriel,34
2022,BRK,Langston Galloway,9
2022,BRK,Blake Griffin,2
2022,BRK,James Harden,13
2022,BRK,Joe Harris,12
2022,BRK,Shaquille Harrison,4
2022,BRK,Kyrie Irving,11
2022,BRK,James Johnson,16
2022,BRK,Patty Mills,8
2022,BRK,Paul Millsap,31
2022,BRK,Day'Ron Sharpe,20
2022,BRK,Cam Thomas,24
2022,CHI,Lonzo Ball,2
2022,CHI,Jordan Bell,20
2022,CHI,Tony Bradley,13
2022,CHI,Troy Brown Jr.,7
2022,CHI,Alex Caruso,6
2022,CHI,Tyler Cook,25
2022,CHI,DeMar DeRozan,11
2022,CHI,Ayo Dosunmu,12
2022,CHI,Devon Dotson,3
2022,CHI,Javonte Green,24
2022,CHI,Malcolm Hill,14
2022,CHI,Alize Johnson,22
2022,CHI,Derrick Jones Jr.,5
2022,CHI,Zach LaVine,8
2022,CHI,Mac McClung,0
2022,CHI,Alfonzo McKinnie,28
2022,CHI,Marko Simonovic,19
2022,CHI,Matt Thomas,21
2022,CHI,Tristan Thompson,3
2022,CHI,Nikola Vučević,9
2022,CHI,Coby White,0
2022,CHI,Patrick Williams,44
2022,CLE,Jarrett Allen,31
2022,CLE,Justin Anderson,1
2022,CLE,Moses Brown,6
2022,CLE,Ed Davis,21
2022,CLE,Tacko Fall,99
2022,CLE,Tim Frazier,12
2022,CLE,Darius Garland,10
2022,CLE,Brandon Goodwin,"00, 26"
2022,CLE,Luke Kornet,12
2022,CLE,Caris LeVert,3
2022,CLE,Kevin Love,0
2022,CLE,Lauri Markkanen,24
2022,CLE,Evan Mobley,4
2022,CLE,RJ Nembhard Jr.,5
2022,CLE,Malik Newman,14
2022,CLE,Isaac Okoro,35
2022,CLE,Cedi Osman,16
2022,CLE,Kevin Pangos,6
2022,CLE,Rajon Rondo,1
2022,CLE,Ricky Rubio,3
2022,CLE,Tre Scott,15
2022,CLE,Collin Sexton,2
2022,CLE,Lamar Stevens,8
2022,CLE,Denzel Valentine,45
2022,CLE,Dean Wade,32
2022,CLE,Dylan Windler,9
2022,DAL,Dāvis Bertāns,44
2022,DAL,Charlie Brown Jr.,44
2022,DAL,Moses Brown,9
2022,DAL,Sterling Brown,0
2022,DAL,Jalen Brunson,13
2022,DAL,Reggie Bullock,25
2022,DAL,Trey Burke,3
2022,DAL,Willie Cauley-Stein,33
2022,DAL,Marquese Chriss,32
2022,DAL,Spencer Dinwiddie,26
2022,DAL,Luka Dončić,77
2022,DAL,Dorian Finney-Smith,10
2022,DAL,Josh Green,8
2022,DAL,Tim Hardaway Jr.,11
2022,DAL,Carlik Jones,23
2022,DAL,George King,94
2022,DAL,Maxi Kleber,42
2022,DAL,Brandon Knight,20
2022,DAL,Boban Marjanović,51
2022,DAL,JaQuori McLaughlin,30
2022,DAL,Frank Ntilikina,21
2022,DAL,Eugene Omoruyi,2
2022,DAL,Theo Pinson,1
2022,DAL,Kristaps Porziņģis,6
2022,DAL,Dwight Powell,7
2022,DAL,Isaiah Thomas,2
2022,DAL,Moses Wright,5
2022,DEN,Will Barton,5
2022,DEN,Bol Bol,10
2022,DEN,Facundo Campazzo,7
2022,DEN,Vlatko Čančar,31
2022,DEN,Petr Cornelie,21
2022,DEN,DeMarcus Cousins,4
2022,DEN,PJ Dozier,35
2022,DEN,James Ennis III,10
2022,DEN,Bryn Forbes,6
2022,DEN,Aaron Gordon,50
2022,DEN,JaMychal Green,0
2022,DEN,Jeff Green,32
2022,DEN,Markus Howard,0
2022,DEN,Bones Hyland,3
2022,DEN,Nikola Jokić,15
2022,DEN,Carlik Jones,23
2022,DEN,Monte Morris,11
2022,DEN,Zeke Nnaji,22
2022,DEN,Michael Porter Jr.,1
2022,DEN,Davon Reed,9
2022,DEN,Austin Rivers,25
2022,DEN,Rayjon Tucker,6
2022,DET,Marvin Bagley III,35
2022,DET,Saddiq Bey,41
2022,DET,Cade Cunningham,2
2022,DET,Cheick Diallo,0
2022,DET,Hamidou Diallo,6
2022,DET,Carsen Edwards,20
2022,DET,Luka Garza,55
2022,DET,Jerami Grant,9
2022,DET,Killian Hayes,7
2022,DET,Frank Jackson,5
2022,DET,Josh Jackson,20
2022,DET,Cory Joseph,18
2022,DET,Braxton Key,8
2022,DET,Saben Lee,38
2022,DET,Isaiah Livers,12
2022,DET,Trey Lyles,8
2022,DET,Rodney McGruder,17
2022,DET,Kelly Olynyk,13
2022,DET,Jaysean Paige,42
2022,DET,Trayvon Palmer,31
2022,DET,Jamorko Pickett,24
2022,DET,Micah Potter,19
2022,DET,Justin Robinson,34
2022,DET,Deividas Sirvydis,91
2022,DET,Cassius Stanley,14
2022,DET,Isaiah Stewart,28
2022,DET,Derrick Walton,25
2022,GSW,Nemanja Bjelica,8
2022,GSW,Chris Chiozza,2
2022,GSW,Stephen Curry,30
2022,GSW,Jeff Dowtin Jr.,21
2022,GSW,Draymond Green,23
2022,GSW,Andre Iguodala,9
2022,GSW,Jonathan Kuminga,0
2022,GSW,Damion Lee,1
2022,GSW,Kevon Looney,5
2022,GSW,Moses Moody,4
2022,GSW,Gary Payton II,0
2022,GSW,Jordan Poole,3
2022,GSW,Otto Porter Jr.,32
2022,GSW,Klay Thompson,11
2022,GSW,Juan Toscano-Anderson,95
2022,GSW,Quinndary Weatherspoon,12
2022,GSW,Andrew Wiggins,22
2022,HOU,D.J. Augustin,14
2022,HOU,Armoni Brooks,7
2022,HOU,Josh Christopher,9
2022,HOU,Bruno Fernando,20
2022,HOU,Usman Garuba,16
2022,HOU,Eric Gordon,10
2022,HOU,Jalen Green,0
2022,HOU,Danuel House Jr.,4
2022,HOU,KJ Martin,6
2022,HOU,Garrison Mathews,25
2022,HOU,Daishen Nix,15
2022,HOU,David Nwaba,2
2022,HOU,Kevin Porter Jr.,3
2022,HOU,Trevelin Queen,21
2022,HOU,Dennis Schröder,17
2022,HOU,Alperen Şengün,28
2022,HOU,Jae'Sean Tate,8
2022,HOU,Daniel Theis,27
2022,HOU,Christian Wood,35
2022,IND,Justin Anderson,10
2022,IND,Goga Bitadze,88
2022,IND,Oshae Brissett,12
2022,IND,Malcolm Brogdon,7
2022,IND,Ahmad Caver,2
2022,IND,Torrey Craig,13
2022,IND,Chris Duarte,3
2022,IND,Tyrese Haliburton,0
2022,IND,Buddy Hield,24
2022,IND,Nate Hinton,14
2022,IND,Justin Holiday,8
2022,IND,Isaiah Jackson,23
2022,IND,DeJon Jarreau,17
2022,IND,Jeremy Lamb,26
2022,IND,Caris LeVert,22
2022,IND,Kelan Martin,21
2022,IND,T.J. McConnell,9
2022,IND,Reggie Perry,0
2022,IND,Domantas Sabonis,11
2022,IND,Jalen Smith,25
2022,IND,Lance Stephenson,6
2022,IND,Keifer Sykes,28
2022,IND,Terry Taylor,32
2022,IND,Tristan Thompson,11
2022,IND,Myles Turner,33
2022,IND,Brad Wanamaker,10
2022,IND,Duane Washington Jr.,4
2022,IND,Gabe York,8
2022,LAC,Nicolas Batum,33
2022,LAC,Eric Bledsoe,12
2022,LAC,Brandon Boston Jr.,4
2022,LAC,Amir Coffey,7
2022,LAC,Robert Covington,23
2022,LAC,James Ennis III,10
2022,LAC,Wenyen Gabriel,35
2022,LAC,Paul George,13
2022,LAC,Isaiah Hartenstein,55
2022,LAC,Rodney Hood,22
2022,LAC,Serge Ibaka,9
2022,LAC,Reggie Jackson,1
2022,LAC,Keon Johnson,45
2022,LAC,Luke Kennard,5
2022,LAC,Terance Mann,14
2022,LAC,Xavier Moon,15
2022,LAC,Marcus Morris,8
2022,LAC,Semi Ojeleye,37
2022,LAC,Norman Powell,24
2022,LAC,Jay Scrubb,0
2022,LAC,Justise Winslow,20
2022,LAC,Moses Wright,11
2022,LAC,Ivica Zubac,40
2022,LAL,Carmelo Anthony,7
2022,LAL,Trevor Ariza,1
2022,LAL,D.J. Augustin,4
2022,LAL,Kent Bazemore,9
2022,LAL,Avery Bradley,20
2022,LAL,Chaundee Brown Jr.,38
2022,LAL,Darren Collison,21
2022,LAL,Anthony Davis,3
2022,LAL,Sekou Doumbouya,45
2022,LAL,Wayne Ellington,2
2022,LAL,Wenyen Gabriel,35
2022,LAL,Talen Horton-Tucker,5
2022,LAL,Dwight Howard,39
2022,LAL,Jay Huff,30
2022,LAL,LeBron James,6
2022,LAL,Stanley Johnson,14
2022,LAL,Jemerrio Jones,50
2022,LAL,Mason Jones,40
2022,LAL,DeAndre Jordan,10
2022,LAL,Mac McClung,37
2022,LAL,Malik Monk,11
2022,LAL,Austin Reaves,15
2022,LAL,Rajon Rondo,4
2022,LAL,Isaiah Thomas,31
2022,LAL,Russell Westbrook,0
2022,MEM,Steven Adams,4
2022,MEM,Santi Aldama,7
2022,MEM,Kyle Anderson,1
2022,MEM,Desmond Bane,22
2022,MEM,Dillon Brooks,24
2022,MEM,Shaq Buchanan,6
2022,MEM,Brandon Clarke,15
2022,MEM,Jarrett Culver,23
2022,MEM,Jaren Jackson Jr.,13
2022,MEM,DaQuan Jeffries,55
2022,MEM,Tyus Jones,21
2022,MEM,John Konchar,46
2022,MEM,Dakota Mathias,31
2022,MEM,De'Anthony Melton,0
2022,MEM,Sam Merrill,25
2022,MEM,Ja Morant,12
2022,MEM,Yves Pons,5
2022,MEM,Xavier Sneed,20
2022,MEM,Tyrell Terry,3
2022,MEM,Jon Teske,10
2022,MEM,Killian Tillie,35
2022,MEM,Xavier Tillman Sr.,2
2022,MEM,Ziaire Williams,8
2022,MIA,Bam Adebayo,13
2022,MIA,Jimmy Butler,22
2022,MIA,Dewayne Dedmon,21
2022,MIA,Marcus Garrett,0
2022,MIA,Kyle Guy,5
2022,MIA,Udonis Haslem,40
2022,MIA,Tyler Herro,14
2022,MIA,Haywood Highsmith,24
2022,MIA,Kyle Lowry,7
2022,MIA,Caleb Martin,16
2022,MIA,Markieff Morris,8
2022,MIA,Mychal Mulder,12
2022,MIA,KZ Okpala,11
2022,MIA,Victor Oladipo,4
2022,MIA,Duncan Robinson,55
2022,MIA,Chris Silva,30
2022,MIA,Javonte Smart,15
2022,MIA,Nik Stauskas,9
2022,MIA,Max Strus,31
2022,MIA,P.J. Tucker,17
2022,MIA,Gabe Vincent,2
2022,MIA,Omer Yurtseven,77
2022,MIL,Grayson Allen,7
2022,MIL,Giannis Antetokounmpo,34
2022,MIL,Thanasis Antetokounmpo,43
2022,MIL,DeAndre' Bembry,95
2022,MIL,Jevon Carter,5
2022,MIL,Pat Connaughton,24
2022,MIL,DeMarcus Cousins,15
2022,MIL,Javin DeLaurier,12
2022,MIL,Donte DiVincenzo,0
2022,MIL,Jeff Dowtin Jr.,15
2022,MIL,Langston Galloway,12
2022,MIL,George Hill,3
2022,MIL,Jrue Holiday,21
2022,MIL,Rodney Hood,5
2022,MIL,Serge Ibaka,25
2022,MIL,Georgios Kalaitzakis,18
2022,MIL,Luke Kornet,35
2022,MIL,Brook Lopez,11
2022,MIL,Sandro Mamukelashvili,54
2022,MIL,Wesley Matthews,23
2022,MIL,Khris Middleton,22
2022,MIL,Greg Monroe,15
2022,MIL,Jordan Nwora,13
2022,MIL,Semi Ojeleye,37
2022,MIL,Bobby Portis,9
2022,MIL,Justin Robinson,55
2022,MIL,Javonte Smart,6
2022,MIL,Rayjon Tucker,59
2022,MIL,Luca Vildoza,6
2022,MIL,Lindell Wigginton,28
2022,MIN,Malik Beasley,5
2022,MIN,Patrick Beverley,22
2022,MIN,Leandro Bolmaro,9
2022,MIN,Anthony Edwards,1
2022,MIN,Nathan Knight,13
2022,MIN,Jake Layman,10
2022,MIN,Jaden McDaniels,3
2022,MIN,Jordan McLaughlin,6
2022,MIN,Greg Monroe,55
2022,MIN,Jaylen Nowell,4
2022,MIN,Josh Okogie,20
2022,MIN,Taurean Prince,12
2022,MIN,Naz Reid,11
2022,MIN,D'Angelo Russell,0
2022,MIN,Chris Silva,30
2022,MIN,Karl-Anthony Towns,32
2022,MIN,Jarred Vanderbilt,8
2022,MIN,McKinley Wright IV,25
2022,NOP,Nickeil Alexander-Walker,6
2022,NOP,Jose Alvarado,15
2022,NOP,Gary Clark,12
2022,NOP,Devonte' Graham,4
2022,NOP,Jared Harper,2
2022,NOP,Josh Hart,3
2022,NOP,Jaxson Hayes,10
2022,NOP,Willy Hernangómez,9
2022,NOP,Brandon Ingram,14
2022,NOP,Alize Johnson,24
2022,NOP,Herbert Jones,5
2022,NOP,Kira Lewis Jr.,13
2022,NOP,Didi Louzada,0
2022,NOP,Naji Marshall,8
2022,NOP,CJ McCollum,3
2022,NOP,Trey Murphy III,25
2022,NOP,Larry Nance Jr.,22
2022,NOP,Tomáš Satoranský,31
2022,NOP,Tony Snell,21
2022,NOP,Garrett Temple,41
2022,NOP,Jonas Valančiūnas,17
2022,NOP,Tyrone Wallace,6
2022,NYK,Ryan Arcidiacono,51
2022,NYK,RJ Barrett,9
2022,NYK,Alec Burks,18
2022,NYK,Damyean Dotson,21
2022,NYK,Evan Fournier,13
2022,NYK,Taj Gibson,67
2022,NYK,Quentin Grimes,6
2022,NYK,Tyler Hall,16
2022,NYK,Danuel House Jr.,44
2022,NYK,Feron Hunt,16
2022,NYK,Kevin Knox,20
2022,NYK,Miles McBride,2
2022,NYK,Matt Mooney,31
2022,NYK,Nerlens Noel,3
2022,NYK,Immanuel Quickley,5
2022,NYK,Julius Randle,30
2022,NYK,Cam Reddish,21
2022,NYK,Mitchell Robinson,23
2022,NYK,Derrick Rose,4
2022,NYK,Wayne Selden,11
2022,NYK,Jericho Sims,45
2022,NYK,Obi Toppin,1
2022,NYK,Kemba Walker,8
2022,OKC,Darius Bazley,7
2022,OKC,Gabriel Deck,6
2022,OKC,Mamadi Diakite,12
2022,OKC,Luguentz Dort,5
2022,OKC,Rob Edwards,25
2022,OKC,Derrick Favors,15
2022,OKC,Melvin Frazier,6
2022,OKC,Josh Giddey,3
2022,OKC,Shai Gilgeous-Alexander,2
2022,OKC,Jaylen Hoard,14
2022,OKC,Scotty Hopson,55
2022,OKC,Ty Jerome,16
2022,OKC,Georgios Kalaitzakis,18
2022,OKC,Vít Krejčí,27
2022,OKC,Théo Maledon,11
2022,OKC,Tre Mann,23
2022,OKC,Mike Muscala,33
2022,OKC,Aleksej Pokusevski,17
2022,OKC,Jeremiah Robinson-Earl,50
2022,OKC,Isaiah Roby,22
2022,OKC,Olivier Sarr,30
2022,OKC,Zavier Simpson,9
2022,OKC,Lindy Waters III,12
2022,OKC,Paul Watson,8
2022,OKC,Aaron Wiggins,21
2022,OKC,Kenrich Williams,34
2022,ORL,Cole Anthony,50
2022,ORL,Mo Bamba,5
2022,ORL,Ignas Brazdeikis,17
2022,ORL,Devin Cannady,30
2022,ORL,Wendell Carter Jr.,34
2022,ORL,Jeff Dowtin Jr.,11
2022,ORL,Aleem Ford,11
2022,ORL,Tim Frazier,8
2022,ORL,Markelle Fultz,20
2022,ORL,Freddie Gillespie,44
2022,ORL,Hassani Gravett,12
2022,ORL,R.J. Hampton,13
2022,ORL,Gary Harris,14
2022,ORL,B.J. Johnson,24
2022,ORL,Robin Lopez,33
2022,ORL,Mychal Mulder,2
2022,ORL,Chuma Okeke,3
2022,ORL,Terrence Ross,31
2022,ORL,Admiral Schofield,25
2022,ORL,Jalen Suggs,4
2022,ORL,Franz Wagner,22
2022,ORL,Moritz Wagner,21
2022,PHI,Charles Bassey,23
2022,PHI,Charlie Brown Jr.,16
2022,PHI,Willie Cauley-Stein,0
2022,PHI,Seth Curry,31
2022,PHI,Andre Drummond,1
2022,PHI,Joel Embiid,21
2022,PHI,Danny Green,14
2022,PHI,James Harden,1
2022,PHI,Tobias Harris,12
2022,PHI,Aaron Henry,50
2022,PHI,Isaiah Joe,7
2022,PHI,Tyler Johnson,8
2022,PHI,DeAndre Jordan,9
2022,PHI,Braxton Key,17
2022,PHI,Furkan Korkmaz,30
2022,PHI,Tyrese Maxey,0
2022,PHI,Paul Millsap,8
2022,PHI,Shake Milton,18
2022,PHI,Georges Niang,20
2022,PHI,Myles Powell,5
2022,PHI,Paul Reed,44
2022,PHI,Jaden Springer,11
2022,PHI,Matisse Thybulle,22
2022,PHO,Deandre Ayton,22
2022,PHO,Paris Bass,30
2022,PHO,Bismack Biyombo,18
2022,PHO,Devin Booker,1
2022,PHO,Mikal Bridges,25
2022,PHO,Torrey Craig,0
2022,PHO,Jae Crowder,99
2022,PHO,Aaron Holiday,4
2022,PHO,Chandler Hutchison,35
2022,PHO,Justin Jackson,45
2022,PHO,Cameron Johnson,23
2022,PHO,Frank Kaminsky,8
2022,PHO,Gabriel Lundberg,19
2022,PHO,JaVale McGee,0
2022,PHO,Abdel Nader,11
2022,PHO,Chris Paul,3
2022,PHO,Cameron Payne,15
2022,PHO,Elfrid Payton,2
2022,PHO,Landry Shamet,14
2022,PHO,Jalen Smith,10
2022,PHO,Emanuel Terry,26
2022,PHO,Ish Wainright,12
2022,PHO,M.J. Walker,21
2022,POR,Keljin Blevins,21
2022,POR,Greg Brown III,4
2022,POR,Robert Covington,33
2022,POR,Jarron Cumberland,34
2022,POR,Kris Dunn,18
2022,POR,CJ Elleby,16
2022,POR,Drew Eubanks,24
2022,POR,Josh Hart,11
2022,POR,Elijah Hughes,19
2022,POR,Keon Johnson,6
2022,POR,Damian Lillard,0
2022,POR,Nassir Little,9
2022,POR,Didi Louzada,35
2022,POR,CJ McCollum,3
2022,POR,Cameron McGriff,8
2022,POR,Ben McLemore,23
2022,POR,Larry Nance Jr.,11
2022,POR,Jusuf Nurkić,27
2022,POR,Reggie Perry,"10, 18"
2022,POR,Norman Powell,24
2022,POR,Anfernee Simons,1
2022,POR,Dennis Smith Jr.,10
2022,POR,Tony Snell,17
2022,POR,Trendon Watford,2
2022,POR,Brandon Williams,"5, 8"
2022,POR,Justise Winslow,26
2022,POR,Cody Zeller,40
2022,SAC,Marvin Bagley III,35
2022,SAC,Harrison Barnes,40
2022,SAC,Terence Davis,3
2022,SAC,Donte DiVincenzo,0
2022,SAC,De'Aaron Fox,5
2022,SAC,Tyrese Haliburton,0
2022,SAC,Maurice Harkless,8
2022,SAC,Buddy Hield,24
2022,SAC,Justin Holiday,9
2022,SAC,Richaun Holmes,22
2022,SAC,Josh Jackson,55
2022,SAC,Damian Jones,30
2022,SAC,Louis King,23
2022,SAC,Jeremy Lamb,26
2022,SAC,Alex Len,25
2022,SAC,Trey Lyles,41
2022,SAC,Chimezie Metu,7
2022,SAC,Davion Mitchell,15
2022,SAC,Emmanuel Mudiay,10
2022,SAC,Ade Murkey,31
2022,SAC,Neemias Queta,88
2022,SAC,Jahmi'us Ramsey,20
2022,SAC,Justin Robinson,9
2022,SAC,Domantas Sabonis,10
2022,SAC,Tristan Thompson,13
2022,SAC,Robert Woodard II,17
2022,SAS,Keita Bates-Diop,31
2022,SAS,Devontae Cacok,18
2022,SAS,Zach Collins,23
2022,SAS,Drew Eubanks,14
2022,SAS,Bryn Forbes,7
2022,SAS,Juancho Hernangómez,41
2022,SAS,Keldon Johnson,3
2022,SAS,Tyler Johnson,28
2022,SAS,Tre Jones,33
2022,SAS,Anthony Lamb,35
2022,SAS,Jock Landale,34
2022,SAS,Romeo Langford,35
2022,SAS,Doug McDermott,17
2022,SAS,Jaylen Morris,16
2022,SAS,Dejounte Murray,5
2022,SAS,Jakob Poeltl,25
2022,SAS,Joshua Primo,11
2022,SAS,Josh Richardson,7
2022,SAS,Tomáš Satoranský,45
2022,SAS,Devin Vassell,24
2022,SAS,Lonnie Walker IV,1
2022,SAS,Derrick White,4
2022,SAS,Joe Wieskamp,15
2022,SAS,Thaddeus Young,30
2022,TOR,Precious Achiuwa,5
2022,TOR,OG Anunoby,3
2022,TOR,Dalano Banton,45
2022,TOR,Scottie Barnes,4
2022,TOR,Khem Birch,24
2022,TOR,Isaac Bonga,17
2022,TOR,Chris Boucher,25
2022,TOR,Armoni Brooks,1
2022,TOR,Justin Champagnie,11
2022,TOR,Sam Dekker,8
2022,TOR,Goran Dragić,1
2022,TOR,Malachi Flynn,22
2022,TOR,David Johnson,13
2022,TOR,Juwan Morgan,16
2022,TOR,Svi Mykhailiuk,14
2022,TOR,Daniel Oturu,20
2022,TOR,Pascal Siakam,43
2022,TOR,Gary Trent Jr.,33
2022,TOR,Fred VanVleet,23
2022,TOR,Yuta Watanabe,18
2022,TOR,Tremont Waters,51
2022,TOR,D.J. Wilson,9
2022,TOR,Thaddeus Young,21
2022,UTA,Nickeil Alexander-Walker,6
2022,UTA,Udoka Azubuike,20
2022,UTA,Bojan Bogdanović,44
2022,UTA,Jared Butler,13
2022,UTA,Zylan Cheatham,6
2022,UTA,Jordan Clarkson,0
2022,UTA,Mike Conley,11
2022,UTA,Malik Fitts,24
2022,UTA,Trent Forrest,3
2022,UTA,Rudy Gay,8
2022,UTA,Rudy Gobert,27
2022,UTA,Juancho Hernangómez,41
2022,UTA,Danuel House Jr.,25
2022,UTA,Elijah Hughes,33
2022,UTA,Joe Ingles,2
2022,UTA,Donovan Mitchell,45
2022,UTA,Greg Monroe,10
2022,UTA,Royce O'Neale,23
2022,UTA,Miye Oni,81
2022,UTA,Eric Paschall,0
2022,UTA,Norvel Pelle,5
2022,UTA,Xavier Sneed,19
2022,UTA,Denzel Valentine,15
2022,UTA,Hassan Whiteside,21
2022,WAS,Deni Avdija,9
2022,WAS,Joel Ayayi,17
2022,WAS,Bradley Beal,3
2022,WAS,Dāvis Bertāns,42
2022,WAS,Thomas Bryant,13
2022,WAS,Kentavious Caldwell-Pope,1
2022,WAS,Vernon Carey Jr.,22
2022,WAS,Spencer Dinwiddie,26
2022,WAS,Jaime Echenique,12
2022,WAS,Daniel Gafford,21
2022,WAS,Anthony Gill,16
2022,WAS,Jordan Goodwin,7
2022,WAS,Rui Hachimura,8
2022,WAS,Montrezl Harrell,6
2022,WAS,Aaron Holiday,4
2022,WAS,Alize Johnson,27
2022,WAS,Corey Kispert,24
2022,WAS,Kyle Kuzma,33
2022,WAS,Greg Monroe,55
2022,WAS,Raul Neto,19
2022,WAS,Kristaps Porziņģis,6
2022,WAS,Tomáš Satoranský,31
2022,WAS,Jordan Schakel,20
2022,WAS,Ish Smith,4
2022,WAS,Craig Sword,32
2022,WAS,Isaiah Todd,14
2022,WAS,Brad Wanamaker,22
2022,WAS,Tremont Waters,51
2022,WAS,Cassius Winston,5
